{
  "plugin": "Gain Booster",
  "version": "0.0.4",
  "name": "1/8 Sine Gate",
  "author": "Moebytes",
  "modified": "2025-07-29T22:12:50.272-04:00",
  "presetFormat": 1,
  "hash": "9c92ca69967c8927486f53be2bd39492",
  "parameters": {
    "gain": 1.0,
    "gainCurve": 0.5,
    "boost": 0.415833324193954,
    "boostCurve": 0.5,
    "pan": 0.5,
    "panningLaw": 0.5,
    "gainLFOType": 1.0,
    "gainLFORate": 0.055130708962679,
    "gainLFOAmount": 1.0,
    "panLFOType": 1.0,
    "panLFORate": 0.055130708962679,
    "panLFOAmount": 0.0
  }
}