{
  "plugin": "Gain Booster",
  "version": "0.0.4",
  "name": "1/8 Tri Gate",
  "author": "Moebytes",
  "modified": "2025-07-29T22:13:01.113-04:00",
  "presetFormat": 1,
  "hash": "195927868d6004444677cf53f84a1537",
  "parameters": {
    "gain": 1.0,
    "gainCurve": 0.5,
    "boost": 0.415833324193954,
    "boostCurve": 0.5,
    "pan": 0.5,
    "panningLaw": 0.5,
    "gainLFOType": 0.666666686534882,
    "gainLFORate": 0.02363464422524,
    "gainLFOAmount": 1.0,
    "panLFOType": 0.666666686534882,
    "panLFORate": 0.055130708962679,
    "panLFOAmount": 0.0
  }
}