{
  "plugin": "Gain Booster",
  "version": "0.0.4",
  "name": "1/8 Saw Autopan",
  "author": "Moebytes",
  "modified": "2025-07-29T22:12:37.339-04:00",
  "presetFormat": 1,
  "hash": "53f8f085127ed24b94594324babf91e0",
  "parameters": {
    "gain": 1.0,
    "gainCurve": 0.5,
    "boost": 0.415833324193954,
    "boostCurve": 0.5,
    "pan": 0.5,
    "panningLaw": 0.5,
    "gainLFOType": 0.333333343267441,
    "gainLFORate": 0.055130708962679,
    "gainLFOAmount": 0.0,
    "panLFOType": 0.333333343267441,
    "panLFORate": 0.055130708962679,
    "panLFOAmount": 1.0
  }
}