{
  "plugin": "Gain Booster",
  "version": "0.0.4",
  "name": "6dB Boost",
  "author": "Moebytes",
  "modified": "2025-07-29T22:13:16.041-04:00",
  "presetFormat": 1,
  "hash": "3031bc28e0a9a1cfcd059388aac3b343",
  "parameters": {
    "gain": 1.0,
    "gainCurve": 0.5,
    "boost": 0.501666665077209,
    "boostCurve": 0.5,
    "pan": 0.5,
    "panningLaw": 0.5,
    "gainLFOType": 0.0,
    "gainLFORate": 0.055130708962679,
    "gainLFOAmount": 0.0,
    "panLFOType": 0.0,
    "panLFORate": 0.055130708962679,
    "panLFOAmount": 0.0
  }
}